method,ksize,sigma,psnr,ssim,d,sigma_s,sigma_r,k
Gaussian,3.0,0.5,29.68113833996235,0.7480149853094042,,,,
Gaussian,3.0,1.0,30.310195453705443,0.7825583080442159,,,,
Gaussian,3.0,1.5,30.293160164670876,0.7838756405765404,,,,
Gaussian,3.0,2.0,30.27819278311877,0.783867074091862,,,,
Gaussian,3.0,3.0,30.266668384262275,0.7837868892132484,,,,
Gaussian,5.0,0.5,29.68113833996235,0.7480149853094042,,,,
Gaussian,5.0,1.0,30.365907254439346,0.789597645122738,,,,
Gaussian,5.0,1.5,30.043579245598746,0.7819179846714115,,,,
Gaussian,5.0,2.0,29.824481180119204,0.7735138103900842,,,,
Gaussian,5.0,3.0,29.609244962408287,0.7641812097798032,,,,
Gaussian,7.0,0.5,29.68113833996235,0.7480149853094042,,,,
Gaussian,7.0,1.0,30.362386036608513,0.7899948344404742,,,,
Gaussian,7.0,1.5,29.875584794514268,0.7774247220037253,,,,
Gaussian,7.0,2.0,29.367660775951364,0.7571687298639809,,,,
Gaussian,7.0,3.0,28.867584152346936,0.7340307842080532,,,,
Gaussian,9.0,0.5,29.68113833996235,0.7480149853094042,,,,
Gaussian,9.0,1.0,30.362386036608513,0.7899948344404742,,,,
Gaussian,9.0,1.5,29.82865995466347,0.776238322047205,,,,
Gaussian,9.0,2.0,29.140238685850452,0.7493120414491331,,,,
Gaussian,9.0,3.0,28.329383562485912,0.7129062736511189,,,,
Bilateral,,,29.284745763055614,0.7405075826512192,5.0,3.0,10.0,
Bilateral,,,30.028822592362417,0.7748989384881549,5.0,3.0,20.0,
Bilateral,,,30.442787793462717,0.7905638698705921,5.0,3.0,30.0,
Bilateral,,,30.749534020664985,0.7996040569270284,5.0,3.0,50.0,
Bilateral,,,30.75753217940272,0.7987108918763236,5.0,3.0,75.0,
Bilateral,,,30.666387193863716,0.7957034703582878,5.0,3.0,100.0,
Bilateral,,,29.300202459800985,0.7413143807161862,5.0,5.0,10.0,
Bilateral,,,30.05184851059988,0.7759830108596649,5.0,5.0,20.0,
Bilateral,,,30.465915805817094,0.791577589449329,5.0,5.0,30.0,
Bilateral,,,30.765922519021938,0.8002406239109937,5.0,5.0,50.0,
Bilateral,,,30.763975122820757,0.798896474663232,5.0,5.0,75.0,
Bilateral,,,30.66481119921013,0.7955660464788444,5.0,5.0,100.0,
Bilateral,,,29.30674940490763,0.7416569100168363,5.0,10.0,10.0,
Bilateral,,,30.06142039383909,0.7764333407578358,5.0,10.0,20.0,
Bilateral,,,30.47531282965468,0.7919886435055753,5.0,10.0,30.0,
Bilateral,,,30.772392734917485,0.800483935754528,5.0,10.0,50.0,
Bilateral,,,30.766141952751724,0.7989477122014312,5.0,10.0,75.0,
Bilateral,,,30.663862302396566,0.7954824181191893,5.0,10.0,100.0,
Bilateral,,,29.576339513381104,0.7548617338253392,9.0,3.0,10.0,
Bilateral,,,30.55298068500666,0.7982048588572409,9.0,3.0,20.0,
Bilateral,,,31.005304046454725,0.814441417050182,9.0,3.0,30.0,
Bilateral,,,31.161704027481893,0.8150083834547367,9.0,3.0,50.0,
Bilateral,,,30.87529373061892,0.7998116534714078,9.0,3.0,75.0,
Bilateral,,,30.488537273987948,0.784542535770655,9.0,3.0,100.0,
Bilateral,,,29.628010143221488,0.757312077900714,9.0,5.0,10.0,
Bilateral,,,30.612244259023516,0.8006034971343952,9.0,5.0,20.0,
Bilateral,,,31.040816150748196,0.8155671203244031,9.0,5.0,30.0,
Bilateral,,,31.138097113161166,0.813028054687249,9.0,5.0,50.0,
Bilateral,,,30.791457151407617,0.7944873616121825,9.0,5.0,75.0,
Bilateral,,,30.35917016163315,0.7768223117821158,9.0,5.0,100.0,
Bilateral,,,29.649669431224865,0.7583293346794239,9.0,10.0,10.0,
Bilateral,,,30.634775144223497,0.8014837731307533,9.0,10.0,20.0,
Bilateral,,,31.051376167307808,0.8158196622720882,9.0,10.0,30.0,
Bilateral,,,31.122348810361554,0.8118668965589112,9.0,10.0,50.0,
Bilateral,,,30.75005999313801,0.7918666167788307,9.0,10.0,75.0,
Bilateral,,,30.299283051426443,0.7731802874723096,9.0,10.0,100.0,
Bilateral,,,29.691298010919013,0.7597039874801315,15.0,3.0,10.0,
Bilateral,,,30.7302675133391,0.8047208367865933,15.0,3.0,20.0,
Bilateral,,,31.165245688710076,0.8201032393558679,15.0,3.0,30.0,
Bilateral,,,31.211708224123512,0.8160785283364086,15.0,3.0,50.0,
Bilateral,,,30.747982224840253,0.793579644606972,15.0,3.0,75.0,
Bilateral,,,30.169463921189152,0.7713538617217223,15.0,3.0,100.0,
Bilateral,,,29.800780972446642,0.7642739299412544,15.0,5.0,10.0,
Bilateral,,,30.82449511280974,0.8079623053716632,15.0,5.0,20.0,
Bilateral,,,31.17568467268038,0.8199644288717423,15.0,5.0,30.0,
Bilateral,,,31.04486072958066,0.8084676750905299,15.0,5.0,50.0,
Bilateral,,,30.39915094276977,0.7777640119467316,15.0,5.0,75.0,
Bilateral,,,29.676428087339136,0.7490735271843434,15.0,5.0,100.0,
Bilateral,,,29.847072888833708,0.7661027643745463,15.0,10.0,10.0,
Bilateral,,,30.846209734996677,0.8085559145553964,15.0,10.0,20.0,
Bilateral,,,31.14896925323492,0.8186927645425562,15.0,10.0,30.0,
Bilateral,,,30.929304690998293,0.8035453641523013,15.0,10.0,50.0,
Bilateral,,,30.202084022610013,0.7691474377982209,15.0,10.0,75.0,
Bilateral,,,29.421238753949506,0.7376632512735632,15.0,10.0,100.0,
Adaptive,,,29.098978835156732,0.7383600618974198,,,,3.0
Adaptive,,,30.22729195276081,0.7948334674937843,,,,6.0
Adaptive,,,31.023466743177377,0.8208043343912074,,,,9.0
Adaptive,,,31.413886831023408,0.8272735220398858,,,,12.0
Adaptive,,,31.51823029546604,0.8241392768943614,,,,15.0
Adaptive,,,31.37891574681855,0.8109584624067255,,,,20.0
